,City,Lat,Lng,Max Temp,Humidity,Cloudiness,Wind Speed,Country,Date
0,mar del plata,-46.43,-67.52,40.62,49,30,25.65,AR,1570959507
1,punta arenas,-53.16,-70.91,35.6,74,5,23.04,CL,1570959736
2,phangnga,8.45,98.53,91.4,66,20,9.17,TH,1570921995
3,meulaboh,4.14,96.13,80.96,79,100,10.61,ID,1570922433
4,albany,42.65,-73.75,51.01,81,40,5.82,US,1570964718
5,mocuba,-16.84,36.99,90.39,41,44,4.63,MZ,1570935926
6,cherskiy,68.75,161.3,31.77,71,99,7.48,RU,1570911025
7,mataura,-46.19,168.86,48.99,86,4,1.99,NZ,1570902867
8,hovd,63.83,10.7,44.01,93,75,10.29,NO,1570946339
9,busselton,-33.64,115.35,66.99,57,92,11.27,AU,1570916435
10,hoi an,15.88,108.33,87.8,52,20,4.7,VN,1570919885
11,richards bay,-28.77,32.06,68.49,84,86,28.39,ZA,1570936635
12,yaan,7.38,8.57,81.23,78,87,2.98,NG,1570943550
13,vangaindrano,-23.35,47.6,83.12,62,35,7.22,MG,1570933135
14,port alfred,-33.59,26.89,68.0,78,22,4.0,ZA,1570937649
15,carnarvon,-30.97,22.13,72.91,14,0,12.54,ZA,1570938916
16,takoradi,4.89,-1.75,77.97,85,100,4.79,GH,1570945947
17,codrington,-28.95,153.24,68.0,59,39,13.87,AU,1570907566
18,ribeira grande,38.52,-28.7,62.6,63,75,6.93,PT,1570953680
19,xining,36.62,101.77,53.53,42,97,13.83,CN,1570922256
20,kapaa,22.08,-159.32,80.6,74,1,16.11,US,1570897928
21,port keats,-14.25,129.55,85.28,54,95,12.19,AU,1570913814
22,macklin,52.34,-109.94,33.33,60,81,3.74,CA,1570974064
23,sawakin,19.1,37.33,95.0,50,0,3.36,SD,1570937037
24,ivanteyevka,55.97,37.92,50.0,81,75,15.66,RU,1570938849
25,hermanus,-34.42,19.24,75.0,79,37,17.0,ZA,1570939442
26,cabo san lucas,22.89,-109.91,79.0,82,100,5.99,MX,1570972519
27,paragominas,-3.0,-47.35,70.0,98,28,2.71,BR,1570956633
28,vryburg,-26.96,24.73,90.75,16,0,15.68,ZA,1570938471
29,tigil,57.8,158.67,32.29,88,100,15.25,RU,1570910006
30,vartej,21.74,72.06,92.73,34,0,11.94,IN,1570928793
31,ushuaia,-54.81,-68.31,35.6,98,75,20.8,AR,1570958940
32,dikson,73.51,80.55,30.72,98,100,20.01,RU,1570931870
33,ancud,-41.87,-73.83,41.0,86,75,6.93,CL,1570961335
34,hobart,-42.88,147.33,59.0,47,20,12.75,AU,1570908253
35,sotuta,20.6,-89.01,72.52,99,76,2.72,MX,1570967418
36,saint-pierre,48.95,4.24,64.99,82,48,16.11,FR,1570946375
37,atambua,-9.11,124.89,77.29,70,21,4.03,ID,1570915106
38,daru,-9.07,143.21,72.72,89,1,5.54,PG,1570910712
39,baculin,7.45,126.58,75.31,89,90,1.89,PH,1570915231
40,jamestown,-33.21,138.6,60.51,69,74,9.01,AU,1570910881
41,pevek,69.7,170.27,32.56,69,100,27.36,RU,1570909091
42,erzin,36.95,36.2,91.4,32,0,2.24,TR,1570938018
43,santa maria,-16.02,-48.01,66.2,59,69,3.36,BR,1570956346
44,ouadda,8.07,22.4,84.07,62,92,0.98,CF,1570940253
45,tiksi,71.64,128.87,17.53,88,100,7.01,RU,1570919590
46,cape town,-33.93,18.42,75.0,49,20,5.82,ZA,1570939663
47,baoding,38.86,115.49,49.64,66,100,13.68,CN,1570919068
48,qandala,11.47,49.87,84.76,59,27,12.32,SO,1570933771
49,padang,-0.92,100.36,73.85,92,100,3.72,ID,1570921257
50,burgeo,47.61,-57.61,52.7,100,100,6.77,CA,1570961143
51,okhotsk,59.36,143.24,22.53,70,100,10.44,RU,1570913883
52,gurupi,-11.73,-49.07,77.41,59,34,2.18,BR,1570956753
53,namatanai,-3.66,152.44,84.69,71,98,10.59,PG,1570908674
54,tura,64.27,100.22,28.96,70,100,6.36,RU,1570924878
55,barrow,-38.31,-60.23,43.03,89,2,7.81,AR,1570958288
56,kieta,-6.22,155.63,83.86,74,100,10.57,PG,1570907826
57,karratha,-20.74,116.85,76.95,67,0,24.31,AU,1570916626
58,wanning,48.64,13.53,69.01,100,40,3.36,AT,1570944122
59,maloy,1.0,118.1,82.62,73,71,3.66,ID,1570917062
60,vaini,15.34,74.49,86.0,66,40,5.82,IN,1570927989
61,mitu,36.2,46.09,64.4,43,22,13.07,IR,1570935608
62,butembo,0.12,29.29,61.47,94,94,6.08,CD,1570938344
63,ponta do sol,-20.63,-46.0,66.0,76,0,1.52,BR,1570955692
64,grand gaube,-20.01,57.66,80.01,65,40,16.11,MU,1570930851
65,shepsi,44.04,39.15,63.97,60,0,2.83,RU,1570937678
66,waddan,29.16,16.14,78.35,53,31,10.41,LY,1570942497
67,ahipara,-35.17,173.16,58.53,63,100,6.92,NZ,1570902497
68,adrar,27.87,-0.29,69.8,77,75,14.99,DZ,1570946391
69,chokurdakh,70.62,147.9,21.61,93,100,15.99,RU,1570914714
70,rikitea,-23.12,-134.97,69.6,75,100,19.95,PF,1570890587
71,souillac,45.6,-0.6,70.0,68,19,19.46,FR,1570947320
72,thunder bay,48.41,-89.26,34.0,95,90,4.7,CA,1570968801
73,plastun,44.76,136.29,37.49,47,0,4.88,RU,1570914386
74,torbay,47.66,-52.73,55.99,100,90,24.16,CA,1570959974
75,new norfolk,-42.78,147.06,59.0,47,20,12.75,AU,1570908324
76,huarmey,-10.07,-78.15,58.53,79,75,2.01,PE,1570963786
77,nanakuli,21.39,-158.15,82.4,83,75,4.7,US,1570897623
78,lompoc,34.64,-120.46,55.0,39,1,4.83,US,1570975531
79,hithadhoo,-0.6,73.08,82.24,75,100,8.23,MV,1570927814
80,skala fourkas,40.0,23.38,73.99,77,0,4.7,GR,1570941247
81,fortuna,40.6,-124.16,44.6,93,1,9.17,US,1570976713
82,vieques,18.43,-65.83,78.8,83,1,5.39,PR,1570961777
83,kavieng,-2.57,150.8,83.86,66,99,2.09,PG,1570909102
84,ushtobe,45.25,77.98,69.57,21,0,7.66,KZ,1570928422
85,luang prabang,19.89,102.14,83.57,64,45,2.31,LA,1570921507
86,atuona,-9.8,-139.03,78.69,71,3,16.48,PF,1570892033
87,husavik,50.56,-96.99,34.0,99,41,9.14,CA,1570970813
88,tupanatinga,-8.75,-37.34,66.74,89,14,10.78,BR,1570954040
89,guerrero negro,27.97,-114.04,65.23,77,0,1.74,MX,1570973706
90,vestmanna,62.16,-7.17,41.0,75,9,5.82,FO,1570950393
91,gazli,40.13,63.45,77.52,13,92,9.3,UZ,1570931630
92,castro,-42.48,-73.76,41.0,86,75,6.93,CL,1570961279
93,yellowknife,62.45,-114.38,33.8,74,40,12.75,CA,1570976213
94,cidreira,-30.17,-50.22,75.38,66,0,9.47,BR,1570956303
95,kawalu,-7.38,108.21,81.32,47,57,8.56,ID,1570919165
96,arraial do cabo,-22.97,-42.02,72.57,88,19,26.46,BR,1570954645
97,lao cai,22.48,103.95,76.28,86,29,2.89,VN,1570921164
98,hilo,19.71,-155.08,75.2,83,75,5.82,US,1570896829
99,clinton,41.28,-72.53,55.99,93,90,5.83,US,1570964349
100,mnogovershinnyy,53.94,139.92,24.6,69,79,14.3,RU,1570914154
101,bethel,60.79,-161.76,32.0,92,1,6.93,US,1570987380
102,butaritari,3.07,172.79,85.14,72,0,10.3,KI,1570904003
103,puerto ayora,-0.74,-90.35,66.99,90,53,5.99,EC,1570967025
104,voznesenye,61.02,35.48,45.9,84,81,15.96,RU,1570939988
105,victoria,5.28,115.24,86.0,70,75,5.82,BN,1570917884
106,bluff,-23.58,149.07,77.72,21,0,9.24,AU,1570908788
107,sao filipe,14.9,-24.5,76.82,82,0,15.17,CV,1570951735
108,saint-philippe,45.36,-73.48,50.0,87,1,9.17,CA,1570964812
109,bhatkal,13.97,74.57,83.19,78,100,7.11,IN,1570927925
110,ust-ordynskiy,52.8,104.75,46.4,39,0,6.71,RU,1570922512
111,vila velha,-3.71,-38.6,78.8,69,20,9.17,BR,1570954510
112,mezen,65.85,44.24,41.05,92,100,10.64,RU,1570938607
113,floresta,-8.6,-38.57,67.5,85,0,9.5,BR,1570954341
114,upernavik,72.79,-56.15,21.43,52,68,11.51,GL,1570964527
115,flinders,-34.58,150.85,62.01,55,73,10.29,AU,1570907876
116,quballat,36.54,9.66,73.4,69,20,3.36,TN,1570944372
117,te karaka,-38.47,177.87,48.02,91,83,0.6,NZ,1570901194
118,kichmengskiy gorodok,59.99,45.81,44.76,89,100,11.93,RU,1570937378
119,vitim,59.44,112.57,28.08,70,100,9.09,RU,1570921265
120,mandalgovi,45.76,106.27,28.36,54,0,4.51,MN,1570921657
121,qaanaaq,77.48,-69.36,15.67,60,0,8.91,GL,1570970126
122,kirakira,-10.46,161.92,74.77,94,100,2.96,SB,1570906178
123,chabahar,25.29,60.65,87.8,66,20,9.17,IR,1570931661
124,aklavik,68.22,-135.01,28.4,79,90,4.7,CA,1570982208
125,margate,-43.03,147.26,59.0,47,20,12.75,AU,1570908260
126,lebu,8.96,38.73,66.2,52,75,18.34,ET,1570936363
127,waipawa,-39.94,176.59,50.0,86,62,0.78,NZ,1570901417
128,beberibe,-4.18,-38.13,78.8,69,20,9.17,BR,1570954382
129,hambantota,6.12,81.12,84.2,89,40,5.82,LK,1570926099
130,wicklow,53.0,-6.42,48.0,100,90,2.24,IE,1570949242
131,bredasdorp,-34.53,20.04,66.0,72,84,12.75,ZA,1570939245
132,praia,-20.25,-43.81,69.8,60,0,6.93,BR,1570955181
133,college,64.86,-147.8,32.0,86,90,5.82,US,1570984626
134,fort frances,48.61,-93.4,34.0,97,90,3.36,CA,1570969810
135,rio bonito,-22.71,-42.63,73.4,94,0,5.82,BR,1570954802
136,shingu,33.72,135.99,73.4,60,20,17.22,JP,1570913909
137,vostok,46.45,135.83,26.65,58,0,4.17,RU,1570914598
138,north myrtle beach,33.83,-78.68,71.6,100,1,4.12,US,1570965462
139,wanxian,30.8,108.39,64.49,79,100,2.56,CN,1570920414
140,razumnoye,50.53,36.69,62.51,57,32,14.72,RU,1570938691
141,tuktoyaktuk,69.44,-133.03,30.13,68,100,15.05,CA,1570982023
142,boden,65.83,21.69,32.0,79,75,6.93,SE,1570944028
143,khatanga,71.98,102.47,23.13,80,100,5.27,RU,1570926053
144,barabai,-2.59,115.38,91.11,42,58,2.38,ID,1570917600
145,cabinda,-5.56,12.19,77.49,85,99,11.14,AO,1570942263
146,kampene,-3.59,26.67,80.17,71,71,4.9,CD,1570938853
147,norman wells,65.28,-126.83,28.4,100,75,10.29,CA,1570979654
148,nikolskoye,59.7,30.79,51.01,87,75,8.95,RU,1570940955
149,muisne,0.61,-80.02,71.91,86,100,10.57,EC,1570964590
150,mananjary,-19.16,46.8,78.1,42,29,6.07,MG,1570933488
151,georgetown,6.8,-58.16,82.22,74,37,12.11,GY,1570959546
152,rovaniemi,66.5,25.72,32.0,90,90,4.7,FI,1570943182
153,tasiilaq,65.61,-37.64,30.2,74,73,5.82,GL,1570958260
154,bambous virieux,-20.34,57.76,80.01,65,40,16.11,MU,1570930815
155,salinopolis,-0.61,-47.36,80.64,78,43,18.81,BR,1570956714
156,mahibadhoo,3.78,72.97,82.22,71,78,5.59,MV,1570927980
157,orange,33.79,-117.85,64.4,77,1,3.5,US,1570974866
158,sisimiut,66.94,-53.67,24.21,71,87,3.34,GL,1570962366
159,geraldton,49.72,-86.95,32.0,96,90,4.7,CA,1570968339
160,taksimo,56.36,114.84,24.33,51,0,4.32,RU,1570920399
161,sinop,42.03,35.15,66.2,68,20,14.99,TR,1570938527
162,lagoa,37.14,-8.45,66.2,88,40,5.82,PT,1570948750
163,hami,42.84,93.51,69.03,22,91,8.13,CN,1570924553
164,xuanzhou,30.95,118.78,70.54,71,93,4.89,CN,1570917925
165,leh,34.16,77.58,42.6,17,0,6.3,IN,1570927954
166,sechura,-5.56,-80.82,60.37,89,0,6.35,PE,1570964579
167,popondetta,-8.77,148.24,65.23,97,95,0.99,PG,1570909516
168,poum,41.28,20.71,62.6,82,75,2.24,MK,1570941955
169,waitati,-45.75,170.57,47.64,88,70,20.31,NZ,1570902489
170,ugoofaaru,5.67,73.0,80.96,77,85,8.47,MV,1570928033
171,huambo,-12.78,15.73,68.25,75,96,9.29,AO,1570941170
172,port elizabeth,39.31,-74.98,59.0,58,90,10.29,US,1570964835
173,hutchinson,38.06,-97.93,46.99,45,1,5.82,US,1570970283
174,forestville,48.74,-69.09,46.4,93,90,2.24,CA,1570963978
175,cape coast,5.11,-1.24,78.01,83,100,6.31,GH,1570945831
176,kimberley,-28.74,24.76,78.8,8,0,4.7,ZA,1570938387
177,east london,-33.02,27.91,69.8,64,20,8.05,ZA,1570937433
178,kijang,35.24,129.21,69.8,40,20,17.22,KR,1570915604
179,bubaque,11.28,-15.83,82.22,78,100,9.07,GW,1570949533
180,hofn,64.25,-15.21,42.51,77,99,11.96,IS,1570952636
181,nanortalik,60.14,-45.24,37.87,82,100,13.97,GL,1570959285
182,umm kaddadah,13.6,26.69,87.93,44,100,11.23,SD,1570939405
183,chumphon,10.5,99.18,91.4,63,20,9.17,TH,1570921905
184,bundaberg,-24.87,152.35,73.4,53,0,16.11,AU,1570907950
185,vila franca do campo,37.72,-25.43,59.0,77,75,6.93,PT,1570952855
186,sheridan,39.65,-105.03,41.0,43,1,4.7,US,1570972069
187,avarua,-21.21,-159.78,69.8,73,15,10.29,CK,1570896611
188,xiamen,24.46,118.07,84.2,62,20,11.18,CN,1570917845
189,caravelas,-17.73,-39.27,70.59,87,10,4.41,BR,1570954187
190,laguna,16.17,-88.94,75.2,94,40,2.32,BZ,1570967246
191,airai,-8.93,125.41,72.91,57,30,4.9,TL,1570914988
192,mogadishu,2.04,45.34,80.29,82,7,8.84,SO,1570934555
193,dumai,1.68,101.45,87.1,64,100,2.35,ID,1570921079
194,hay river,60.82,-115.79,39.2,71,75,11.41,CA,1570976331
195,paraiso,-0.03,-51.17,78.8,88,10,4.7,BR,1570957647
196,port hawkesbury,45.62,-61.36,54.0,93,90,10.29,CA,1570961917
197,celestun,20.87,-90.4,80.6,81,50,16.82,MX,1570967761
198,laela,-8.57,32.05,80.73,34,17,7.7,TZ,1570937398
199,port lincoln,-34.72,135.86,57.22,80,0,12.79,AU,1570911464
200,at-bashi,41.17,75.81,48.99,78,0,8.65,KG,1570928715
201,belaya gora,68.54,146.19,23.76,94,100,21.16,RU,1570914614
202,prainha,-1.8,-53.48,74.84,84,5,2.59,BR,1570958143
203,nagayo,32.82,129.89,75.2,50,20,19.46,JP,1570915335
204,amga,60.89,131.98,18.12,92,100,5.78,RU,1570916770
205,curillo,1.03,-75.92,69.75,98,95,1.57,CO,1570963620
206,soltepec,19.12,-97.71,48.36,90,79,3.64,MX,1570969454
207,baykit,61.68,96.39,33.39,49,100,4.83,RU,1570925428
208,maniwaki,46.38,-75.98,34.12,94,0,3.22,CA,1570965476
209,clyde river,70.47,-68.59,26.6,79,1,19.46,CA,1570966787
210,bambari,5.77,20.68,76.05,82,95,1.01,CF,1570940592
211,sola,-3.17,33.8,81.64,39,61,9.26,TZ,1570937156
212,tuatapere,-46.13,167.69,48.99,86,100,1.99,NZ,1570903152
213,ilebo,-4.33,20.59,85.19,56,74,4.11,CD,1570940288
214,bathsheba,13.22,-59.52,82.4,74,40,9.17,BB,1570960084
215,moshny,49.52,31.74,66.51,41,0,9.39,UA,1570939808
216,puke,42.04,19.9,68.0,52,0,5.82,AL,1570942190
217,henties bay,-22.12,14.28,63.0,87,0,5.99,NA,1570941175
218,waingapu,-9.65,120.26,80.51,76,54,14.64,ID,1570916199
219,plettenberg bay,-34.05,23.37,61.32,76,28,9.46,ZA,1570938470
220,balabac,7.99,117.06,83.53,71,100,4.16,PH,1570917533
221,thompson,55.74,-97.86,30.2,92,90,12.75,CA,1570971460
222,stolin,51.89,26.85,55.71,78,99,9.16,BY,1570941159
223,san felipe,-32.75,-70.73,57.99,74,100,1.99,CL,1570961099
224,port hedland,-20.31,118.58,89.6,43,0,20.8,AU,1570916227
225,pierre,44.37,-100.35,37.4,74,90,8.05,US,1570971207
226,kodiak,39.95,-94.76,42.01,80,1,8.05,US,1570969618
227,portland,43.66,-70.25,53.6,100,1,6.1,US,1570963935
228,santa marta,11.24,-74.21,62.87,80,100,3.72,CO,1570963544
229,kruisfontein,-34.0,24.73,65.57,65,72,8.02,ZA,1570938147
230,berbesti,44.98,23.88,68.31,40,42,4.88,RO,1570941402
231,palmer,-34.85,139.16,64.99,87,75,6.93,AU,1570910666
232,lata,30.78,78.62,39.13,85,58,6.76,IN,1570927561
233,tilichiki,60.47,166.1,28.92,92,49,3.71,RU,1570908516
234,coihaique,-45.58,-72.07,39.2,60,0,9.17,CL,1570960661
235,saskylakh,71.97,114.09,22.17,82,99,4.08,RU,1570923252
236,pauini,-7.71,-67.0,70.75,94,74,1.98,BR,1570961192
237,mahebourg,-20.41,57.7,80.01,65,40,16.11,MU,1570930826
238,natal,-5.81,-35.21,73.4,94,40,9.17,BR,1570953628
239,noumea,-22.28,166.46,77.0,69,40,9.17,NC,1570904668
240,san patricio,-26.98,-56.83,77.07,52,0,5.74,PY,1570958031
241,gotsu,35.01,132.22,68.0,60,20,12.75,JP,1570914871
242,masterton,-40.95,175.66,51.01,81,77,0.76,NZ,1570901581
243,rio grande,-32.03,-52.1,73.45,77,0,9.88,BR,1570956667
244,majene,-3.54,118.97,81.57,72,84,4.38,ID,1570916708
245,visby,57.64,18.3,53.01,87,40,16.11,SE,1570943730
246,kununurra,-15.77,128.74,105.8,9,84,5.82,AU,1570913955
247,eyl,7.98,49.82,79.45,80,83,8.33,SO,1570933670
248,longkou,37.64,120.47,55.89,59,0,14.04,CN,1570917813
249,coracao de jesus,-16.69,-44.37,65.68,78,18,7.78,BR,1570955449
250,provideniya,64.42,-173.23,26.85,85,3,1.6,RU,1570990668
251,fort nelson,58.81,-122.69,35.6,64,75,6.86,CA,1570977748
252,lodja,-3.52,23.6,78.37,72,100,0.95,CD,1570939592
253,leningradskiy,69.38,178.42,31.95,77,64,15.26,RU,1570907052
254,saint-francois,46.42,3.91,68.0,59,14,12.75,FR,1570946287
255,creston,49.1,-116.52,37.4,74,90,1.54,CA,1570975399
256,los llanos de aridane,28.66,-17.92,68.0,64,20,8.05,ES,1570950655
257,yulara,-25.24,130.99,98.6,8,95,11.41,AU,1570913058
258,klaksvik,62.23,-6.59,41.0,75,21,5.82,FO,1570950263
259,wagga wagga,-35.12,147.37,71.6,26,61,2.24,AU,1570908684
260,limoeiro de anadia,-9.74,-36.5,68.32,91,0,6.28,BR,1570953805
261,trinidad,-14.83,-64.9,73.08,77,24,3.95,BO,1570960441
262,draguignan,43.54,6.46,69.01,77,67,4.7,FR,1570945502
263,jeremie,18.65,-74.12,69.73,87,55,2.58,HT,1570963774
264,cranbrook,49.51,-115.76,33.8,78,90,3.36,CA,1570975245
265,lalsot,26.56,76.33,93.2,26,0,4.7,IN,1570927945
266,tokur,53.13,132.9,19.78,66,100,7.71,RU,1570915774
267,esperance,-33.86,121.89,71.6,46,40,8.05,AU,1570914856
268,landau,51.34,9.08,66.2,82,40,9.17,DE,1570945386
269,aborlan,9.44,118.55,89.6,62,75,4.7,PH,1570917222
270,belomorsk,64.52,34.76,42.37,96,100,7.81,RU,1570940661
271,muros,42.77,-9.06,60.01,100,90,5.82,ES,1570949186
272,mount isa,-20.73,139.49,98.6,7,0,5.82,AU,1570911196
273,kuminskiy,58.67,66.57,44.85,90,100,8.5,RU,1570932237
274,udalguri,26.75,92.1,86.61,58,1,2.22,IN,1570924166
275,bafata,12.17,-14.67,80.22,90,100,0.14,GW,1570949284
276,san-pedro,4.75,-6.64,77.04,87,70,8.8,CI,1570947116
277,pinahat,26.89,78.37,91.4,41,5,3.36,IN,1570927468
278,saint-augustin,45.63,-73.98,48.99,87,20,8.05,CA,1570964949
279,abalak,15.46,6.28,92.3,27,8,5.13,NE,1570944366
280,orlik,53.95,17.74,59.0,87,75,4.7,PL,1570943517
281,medea,36.27,2.77,80.6,39,40,10.29,DZ,1570946014
282,lipetsk,52.6,39.59,59.5,71,99,16.69,RU,1570938154
283,cumberland,41.97,-71.43,52.0,100,90,4.84,US,1570964123
284,minab,27.15,57.07,93.2,38,0,4.7,IR,1570932591
285,gizo,31.8,34.94,86.0,58,0,5.82,IL,1570938092
286,nelson bay,-32.72,152.14,63.0,63,99,9.17,AU,1570907658
287,mizdah,31.45,12.98,72.36,57,7,7.64,LY,1570943350
288,kangaatsiaq,68.31,-53.46,30.97,65,47,16.94,GL,1570962605
289,vernon,50.27,-119.27,43.0,70,90,2.24,CA,1570976144
290,gorontalo,0.54,123.06,81.95,78,68,4.05,ID,1570915857
291,port hardy,50.7,-127.42,46.4,87,40,9.17,CA,1570978135
292,chuy,-33.69,-53.46,64.67,98,100,7.55,UY,1570956911
293,port blair,11.67,92.75,87.8,70,40,8.05,IN,1570923486
294,granby,45.41,-72.73,53.6,66,90,11.09,CA,1570964635
295,saint augustine,10.65,-61.4,75.99,88,20,3.36,TT,1570960450
296,yar-sale,66.83,70.83,37.06,84,97,9.54,RU,1570932393
297,longyearbyen,78.22,15.63,19.4,67,0,11.41,NO,1570950195
298,vikulovo,55.07,40.96,52.41,71,100,12.76,RU,1570938035
299,stepnyak,52.83,70.79,59.49,53,100,13.06,KZ,1570930675
300,monaragala,6.87,81.35,84.2,89,40,5.82,LK,1570926067
301,katihar,25.54,87.57,88.07,44,0,6.91,IN,1570925208
302,anchorage,61.22,-149.89,32.0,73,1,5.82,US,1570984582
303,kaitangata,-46.28,169.85,47.07,87,86,24.02,NZ,1570902624
304,muroto,33.37,134.14,77.0,36,20,16.11,JP,1570914338
305,manga,31.31,74.05,87.8,43,0,4.7,PK,1570928680
306,lubao,-5.39,25.75,76.23,83,100,4.83,CD,1570939015
307,mount gambier,-37.83,140.78,71.6,33,90,13.87,AU,1570910121
308,narsaq,60.91,-46.05,33.8,86,100,2.24,GL,1570959576
309,katsuura,33.93,134.5,72.0,56,20,17.22,JP,1570914276
310,ambunti,-4.22,142.82,78.93,87,98,3.45,PG,1570910964
311,nara,34.68,135.8,69.8,60,40,23.04,JP,1570913996
312,zhigansk,66.77,123.37,20.1,78,100,0.62,RU,1570919741
313,san quintin,17.54,120.52,78.98,77,95,4.27,PH,1570917015
314,jalu,29.03,21.55,88.02,30,0,15.13,LY,1570941193
315,coquimbo,-29.95,-71.34,53.6,87,100,5.82,CL,1570961378
316,mackay,53.65,-115.58,41.0,80,90,3.36,CA,1570975529
317,santiago,16.69,121.54,77.94,79,100,1.97,PH,1570916741
318,tessalit,20.2,1.01,95.85,16,2,10.9,ML,1570945794
319,puerto escondido,15.86,-97.07,68.14,89,46,4.38,MX,1570969186
320,severo-kurilsk,50.68,156.12,34.18,78,100,7.99,RU,1570910007
321,walvis bay,-22.95,14.51,63.0,82,0,4.7,NA,1570941087
322,shaunavon,49.65,-108.41,32.36,48,0,4.2,CA,1570973490
323,soyo,-6.13,12.37,81.63,70,83,5.17,AO,1570942201
324,sur,22.57,59.53,88.63,39,0,13.26,OM,1570931830
325,charlestown,41.38,-71.64,55.0,87,0,5.36,US,1570964141
326,acari,-6.44,-36.64,69.26,77,0,18.65,BR,1570953950
327,labuhan,-2.54,115.51,91.11,42,58,2.38,ID,1570917570
328,zelenoborsk,61.47,64.05,44.67,75,67,10.28,RU,1570933176
329,cervo,-22.19,-46.24,61.07,85,0,1.42,BR,1570955688
330,comodoro rivadavia,-45.87,-67.48,44.6,42,25,13.87,AR,1570959539
331,lugovoy,59.72,65.88,48.02,79,100,7.89,RU,1570932521
332,te anau,-45.41,167.72,45.68,82,84,2.92,NZ,1570903196
333,wilmington,39.75,-75.55,55.99,71,40,4.7,US,1570964994
334,jumla,29.28,82.18,64.71,36,0,7.71,NP,1570926646
335,ixtapa,20.71,-105.21,79.0,94,40,5.82,MX,1570971311
336,sitka,37.17,-99.65,44.01,57,33,4.0,US,1570970653
337,tambilil,5.96,124.67,87.8,58,75,9.17,PH,1570915642
338,sobolevo,54.43,31.9,50.77,88,100,12.34,RU,1570940155
339,ullapool,57.9,-5.16,39.0,95,0,4.31,GB,1570949397
340,ifanadiana,-21.3,47.64,80.64,51,7,5.03,MG,1570933205
341,presidencia roque saenz pena,-26.79,-60.44,81.0,49,0,7.06,AR,1570958905
342,pokosnoye,55.53,101.05,37.94,44,13,6.42,RU,1570923635
343,quatre cocos,-20.21,57.76,80.01,65,40,16.11,MU,1570930820
344,pisco,-13.71,-76.2,55.99,87,2,3.36,PE,1570963192
345,khudumelapye,-23.91,24.95,90.99,15,0,7.98,BW,1570938545
346,mogok,22.92,96.51,76.37,87,16,1.96,MM,1570922965
347,beringovskiy,63.05,179.32,38.89,81,100,22.41,RU,1570905673
348,hamilton,43.26,-79.87,45.0,100,5,5.38,CA,1570966222
349,oranjemund,-28.55,16.43,72.73,32,0,10.47,ZA,1570940393
350,halifax,44.65,-63.58,55.0,100,90,10.29,CA,1570962391
351,kavaratti,10.57,72.64,87.8,70,40,5.82,IN,1570928277
352,arlit,18.74,7.39,95.47,13,25,11.02,NE,1570944212
353,grindavik,63.84,-22.43,42.8,93,75,20.8,IS,1570954308
354,saint anthony,43.97,-111.68,28.99,79,1,5.62,US,1570973905
355,havre-saint-pierre,50.23,-63.6,44.6,93,90,4.7,CA,1570962766
356,novobirilyussy,56.95,90.69,45.9,61,67,4.55,RU,1570926261
357,la asuncion,-26.05,-65.39,57.31,86,0,4.35,AR,1570960123
358,weihe,32.99,105.33,63.0,81,99,3.09,CN,1570921240
359,manzanillo,19.05,-104.32,80.51,82,78,5.06,MX,1570971038
360,denpasar,-8.65,115.22,86.0,70,20,11.41,ID,1570917442
361,haines junction,60.75,-137.51,23.61,68,0,3.41,CA,1570981544
362,vardo,39.62,-77.74,48.2,93,1,3.22,US,1570965513
363,megion,61.04,76.11,44.78,95,100,7.42,RU,1570930222
364,ubatuba,-23.43,-45.08,73.71,80,0,2.67,BR,1570955361
365,zaqatala,41.63,46.65,62.6,55,75,11.41,AZ,1570935743
366,wiwili,13.63,-85.83,66.36,97,98,1.4,NI,1570966413
367,bonavista,48.65,-53.11,50.0,82,100,5.99,CA,1570960133
368,harper,30.3,-99.24,57.0,82,40,7.81,US,1570970247
369,graciano sanchez,23.92,-99.28,57.87,88,39,2.7,MX,1570970005
370,salina cruz,16.18,-95.2,82.51,72,12,36.13,MX,1570968749
371,puerto lleras,8.16,-72.46,68.43,84,73,2.59,CO,1570963022
372,chichigalpa,12.57,-87.03,73.83,93,100,2.72,NI,1570966665
373,mbandaka,0.05,18.26,89.82,45,3,2.51,CD,1570940989
374,fairbanks,64.84,-147.72,30.2,86,90,5.82,US,1570984603
375,pangai,-19.8,-174.35,75.33,74,6,16.04,TO,1570986511
376,paita,-5.09,-81.11,60.44,83,0,6.47,PE,1570964665
377,anadyr,64.73,177.51,35.6,80,20,13.42,RU,1570906362
378,ferrandina,40.5,16.45,73.0,82,5,8.05,IT,1570942937
379,santa cruz de la palma,28.68,-17.76,68.0,64,20,8.05,ES,1570950617
380,sabang,13.8,121.11,84.99,65,74,8.99,PH,1570916749
381,xuddur,4.12,43.89,83.97,57,100,11.32,SO,1570934969
382,talnakh,69.49,88.39,26.33,94,100,13.61,RU,1570928746
383,chilca,-13.22,-72.34,51.8,57,40,1.12,PE,1570962283
384,ayagoz,47.96,80.43,62.98,26,0,5.67,KZ,1570928004
385,satipo,-11.26,-74.64,58.59,89,100,1.83,PE,1570962903
386,linkuva,56.09,23.97,53.6,81,75,12.75,LT,1570942213
387,kuandian,40.73,124.78,54.84,70,100,1.66,CN,1570916930
388,trelew,-43.25,-65.31,40.6,60,0,13.84,AR,1570959202
389,hammerfest,70.66,23.68,33.8,86,99,9.17,NO,1570944628
390,bocas del toro,9.33,-82.25,63.0,100,100,7.25,PA,1570965410
391,opuwo,-18.06,13.84,83.61,36,74,14.75,NA,1570941435
392,severo-yeniseyskiy,60.37,93.04,35.2,52,89,8.58,RU,1570926069
393,rock hill,34.92,-81.03,66.99,72,90,3.62,US,1570966076
394,havre,48.55,-109.68,33.01,92,1,2.17,US,1570973717
395,yako,12.96,-2.26,80.67,68,32,10.59,BF,1570946332
396,havelock,34.88,-76.9,68.0,88,1,3.36,US,1570965082
397,buala,-8.15,159.59,76.78,87,100,3.01,SB,1570906813
398,kashin,57.36,37.61,48.16,80,100,17.15,RU,1570939060
399,nikolayevsk-na-amure,53.14,140.72,26.26,54,1,4.99,RU,1570913896
400,vestmannaeyjar,63.44,-20.27,43.93,76,100,19.95,IS,1570953727
401,shimoda,34.7,138.93,80.6,54,40,20.8,JP,1570913246
402,vallenar,-28.58,-70.76,49.05,87,100,1.01,CL,1570961301
403,salalah,17.01,54.1,84.2,66,20,8.05,OM,1570932940
404,opochka,56.71,28.66,53.33,77,100,12.31,RU,1570941146
405,anqing,30.51,117.04,72.18,66,100,10.66,CN,1570918325
406,conde,-11.81,-37.61,77.47,77,5,18.46,BR,1570954000
407,nantucket,41.28,-70.1,55.0,93,75,4.7,US,1570963766
408,susanville,40.42,-120.65,35.6,69,1,3.43,US,1570975861
409,port macquarie,-31.43,152.91,62.01,59,40,11.41,AU,1570907533
410,petropavlovka,50.61,105.32,40.15,39,0,1.51,RU,1570922208
411,abu dhabi,24.47,54.37,96.8,28,0,8.05,AE,1570933139
412,prince rupert,54.32,-130.32,46.4,87,90,10.29,CA,1570979130
413,lavrentiya,65.58,-170.99,32.41,78,83,5.38,RU,1570990330
414,independence,39.09,-94.42,46.99,86,1,7.48,US,1570969492
415,jadu,31.95,12.03,72.48,54,25,4.15,LY,1570943599
416,tazovskiy,67.47,78.7,36.95,96,100,7.81,RU,1570930626
417,vao,59.1,26.19,50.22,83,89,13.03,EE,1570941992
418,zyryanovsk,49.74,84.27,60.85,34,0,3.75,KZ,1570927203
419,calbuco,-41.77,-73.13,39.2,93,0,6.93,CL,1570961173
420,maksatikha,57.8,35.88,48.4,81,100,11.8,RU,1570939521
421,noyabrsk,63.2,75.45,45.57,79,83,16.62,RU,1570930673
422,killybegs,54.63,-8.45,44.01,100,20,4.7,IE,1570949870
423,moose factory,51.26,-80.61,39.2,93,90,3.36,CA,1570966931
424,freeport,26.54,-78.7,77.56,73,2,13.56,BS,1570965164
425,livramento,-3.03,-60.18,78.8,94,40,1.12,BR,1570959711
426,iqaluit,63.75,-68.52,23.0,85,20,14.73,CA,1570965378
427,mahon,51.89,-8.4,48.99,93,75,1.12,IE,1570949629
428,saint george,39.45,22.34,71.6,77,20,1.64,GR,1570941468
429,boende,-0.28,20.88,85.33,52,48,3.26,CD,1570940350
430,acapulco,16.86,-99.88,80.6,88,75,6.93,MX,1570969895
431,shinpokh,34.33,71.18,87.8,38,5,6.93,PK,1570929498
432,pandan,11.72,122.09,82.72,74,100,14.9,PH,1570916446
433,dubai,25.27,55.3,95.0,39,0,6.93,AE,1570932945
434,kulu,3.47,23.69,84.47,56,85,2.19,CD,1570939796
435,nishihara,35.74,139.53,82.0,53,40,16.11,JP,1570913148
436,tsiroanomandidy,-18.77,46.05,93.36,30,27,1.58,MG,1570933682
437,tamandare,-8.28,-70.75,68.41,98,100,1.76,BR,1570962072
438,rawson,-43.3,-65.11,47.14,60,0,20.94,AR,1570959151
439,nsanje,-16.92,35.26,93.15,32,4,6.1,MZ,1570936339
440,pilar,-34.46,-58.91,66.2,88,90,5.82,AR,1570958179
441,panubigan,7.13,122.25,87.8,66,40,2.24,PH,1570916260
442,blagoyevo,63.37,47.92,41.43,93,100,7.47,RU,1570937318
443,dunedin,-45.87,170.5,47.64,88,70,20.31,NZ,1570902497
444,khani,41.96,42.96,68.0,42,0,19.46,GE,1570936647
445,houma,35.63,111.36,68.83,49,77,3.67,CN,1570919908
446,xinyang,32.13,114.07,72.05,50,0,7.51,CN,1570919105
447,adeje,5.68,5.76,81.36,77,71,4.49,NG,1570944170
448,calais,50.95,1.87,62.01,93,20,16.11,FR,1570947089
449,esso,55.93,158.7,19.15,97,100,2.18,RU,1570909817
450,tatarsk,55.22,75.96,48.54,59,100,8.59,RU,1570929637
451,oriximina,-1.77,-55.87,80.26,70,0,6.47,BR,1570958718
452,awjilah,29.14,21.3,88.02,30,0,15.13,LY,1570941258
453,isangel,-19.55,169.27,76.14,90,79,6.8,VU,1570904097
454,sao felix do xingu,-6.64,-51.99,70.3,88,18,0.22,BR,1570957626
455,raca,44.23,20.98,59.0,87,0,1.12,RS,1570942054
456,alice,-32.79,26.83,69.82,42,18,8.48,ZA,1570937703
457,vanimo,-2.67,141.3,84.15,72,46,7.32,PG,1570911378
458,babusnica,43.07,22.41,66.2,59,0,3.36,RS,1570941644
459,corrente,-17.45,-44.68,64.56,81,0,2.9,BR,1570955495
460,coihueco,-36.63,-71.83,48.2,93,90,12.75,CL,1570961163
461,glace bay,46.2,-59.96,55.99,100,90,3.36,CA,1570961617
462,mill valley,37.91,-122.55,60.01,52,1,2.96,US,1570976189
463,hualmay,-11.1,-77.61,55.45,85,85,1.18,PE,1570963621
464,masumbwe,-3.65,32.16,85.15,36,91,8.81,TZ,1570937534
465,nemuro,43.32,145.57,48.2,66,40,18.34,JP,1570912075
466,labuan,5.28,115.24,86.0,70,75,5.82,BN,1570917884
467,vuktyl,63.86,57.31,42.6,71,100,12.71,RU,1570935134
468,chestermere,51.04,-113.82,39.0,89,75,3.36,CA,1570974893
469,coahuayana,18.62,-100.35,69.15,95,50,0.94,MX,1570970070
470,dongning,44.06,131.12,39.09,85,100,4.23,CN,1570915588
471,pinerolo,44.89,7.33,61.0,82,39,1.12,IT,1570945372
472,pochutla,15.74,-96.47,78.01,92,12,8.76,MX,1570969038
473,ferkessedougou,9.6,-5.2,72.09,92,100,3.67,CI,1570946927
474,tomatlan,19.93,-105.25,69.01,97,6,2.97,MX,1570971292
475,gat,14.69,-16.54,80.6,88,59,5.82,SN,1570949817
476,yeniseysk,58.45,92.17,40.48,54,35,5.51,RU,1570926059
477,deputatskiy,69.3,139.9,6.46,91,71,4.83,RU,1570916303
478,kahului,20.89,-156.47,78.8,65,20,16.11,US,1570897203
479,cap-aux-meules,47.38,-61.86,48.29,95,100,17.47,CA,1570962149
480,sulangan,11.14,123.72,84.11,67,100,8.8,PH,1570916036
481,suwannaphum,15.61,103.81,93.0,52,20,6.93,TH,1570920961
482,duku,-1.19,100.47,73.85,92,100,3.72,ID,1570921222
483,demba,-5.47,22.27,82.22,61,73,3.88,CD,1570939848
484,kishtwar,33.31,75.77,44.13,45,0,6.25,IN,1570928352
485,uttaradit,17.63,100.1,93.99,74,20,5.82,TH,1570921919
486,metro,-5.11,105.31,92.23,38,100,12.09,ID,1570919935
487,ilulissat,69.22,-51.1,21.2,62,57,2.24,GL,1570962251
488,cap malheureux,-19.98,57.61,80.01,65,40,16.11,MU,1570930864
489,druzhba,52.05,33.94,59.77,68,100,14.85,UA,1570939468
490,zhangjiakou,40.77,114.88,36.73,24,0,17.87,CN,1570919310
491,carroll,-30.99,150.44,71.6,33,39,3.36,AU,1570908146
492,nome,30.04,-94.42,57.99,87,90,4.7,US,1570969079
493,pontianak,-0.02,109.34,81.05,88,100,2.81,ID,1570919131
494,shadrinsk,56.09,63.63,46.47,88,100,12.6,RU,1570932681
495,sovetskiy,56.76,48.47,51.76,69,37,19.94,RU,1570936390
496,beloha,-25.17,45.06,95.43,25,0,3.36,MG,1570933670
497,minot,48.23,-101.3,32.0,95,90,18.34,US,1570971681
498,sunyani,7.34,-2.33,70.84,99,100,2.85,GH,1570946165
499,dumas,21.09,72.71,95.0,53,0,6.93,IN,1570928614
500,saldanha,41.42,-6.55,61.61,65,49,17.99,PT,1570948510
501,mwandiga,-4.84,29.66,80.6,57,40,8.05,TZ,1570938095
502,avezzano,42.03,13.43,70.0,68,49,2.26,IT,1570943744
503,humberto de campos,-2.6,-43.46,79.75,74,100,11.82,BR,1570955713
504,brae,60.4,-1.35,44.6,100,0,4.08,GB,1570948765
505,la ronge,55.1,-105.3,23.0,79,5,2.24,CA,1570973188
506,berea,37.57,-84.3,39.0,100,1,4.03,US,1570966986
507,homer,59.64,-151.54,41.0,92,1,4.39,US,1570984780
508,arkhangelsk,64.54,40.54,42.24,92,100,7.12,RU,1570939274
509,beruwala,6.48,79.98,83.26,74,65,8.97,LK,1570926384
510,port said,25.34,30.55,96.66,12,16,17.08,EG,1570938890
511,lyngseidet,69.58,20.21,30.99,92,85,11.41,NO,1570945177
512,pacific grove,36.62,-121.92,55.0,43,1,3.67,US,1570975975
513,lengshuijiang,27.66,111.45,68.61,69,92,4.6,CN,1570919555
514,high rock,26.63,-78.28,77.56,73,2,13.56,BS,1570965067
515,maputo,-25.97,32.57,73.4,69,75,8.05,MZ,1570936633
516,golkoy,40.69,37.62,66.2,68,40,3.36,TR,1570937862
517,honiara,-9.43,159.96,80.6,69,90,5.82,SB,1570906682
518,yatou,3.63,9.81,78.8,100,75,3.36,CM,1570943132
519,channel-port aux basques,47.57,-59.14,50.99,99,100,3.12,CA,1570961508
520,vila,45.18,8.4,61.0,100,100,3.36,IT,1570945132
521,san cristobal,14.68,-86.92,63.46,99,100,2.09,HN,1570966710
522,sao joao da barra,-21.64,-41.05,73.08,87,95,17.81,BR,1570954465
523,tres arroyos,-38.38,-60.28,43.25,87,7,8.15,AR,1570958296
524,faanui,-16.48,-151.75,75.97,73,0,15.73,PF,1570894857
525,longjiang,47.33,123.18,36.63,26,16,6.35,CN,1570917693
526,kloulklubed,7.04,134.26,82.4,78,75,8.05,PW,1570913375
527,port-gentil,-0.72,8.78,80.6,83,20,8.05,GA,1570943239
528,roald,62.58,6.12,42.8,87,0,9.17,NO,1570947256
529,gasa,27.91,89.73,38.19,74,88,9.1,BT,1570924779
530,ruidoso,33.33,-105.67,54.0,57,1,4.7,US,1570971921
531,chimbote,-9.08,-78.59,57.24,89,52,1.89,PE,1570963926
532,hedaru,-4.5,37.91,77.02,68,91,2.69,TZ,1570936127
533,cabadiangan,10.45,123.98,86.0,70,75,8.05,PH,1570915951
534,ostersund,63.18,14.64,37.4,73,0,10.29,SE,1570945293
535,ambon,47.55,-2.56,64.0,77,90,10.29,FR,1570947914
536,curepipe,-20.31,57.52,80.01,65,40,16.11,MU,1570930873
537,vila do maio,15.13,-23.22,77.0,73,15,2.24,CV,1570951435
538,obo,5.39,26.49,84.43,67,74,0.81,CF,1570939186
539,tynda,55.15,124.74,21.61,59,100,7.3,RU,1570917908
540,mamit,23.92,92.49,86.0,62,40,4.7,IN,1570923967
541,gushi,32.17,115.65,69.48,71,29,8.61,CN,1570918727
542,siuna,13.73,-84.78,69.42,99,87,2.79,NI,1570966164
543,golspie,57.97,-3.98,39.0,100,20,2.61,GB,1570949120
544,ambatofinandrahana,-20.55,46.8,76.33,40,0,7.75,MG,1570933436
545,parana,-7.52,-72.89,67.41,96,0,0.99,BR,1570962611
546,monterey,36.6,-121.89,55.0,43,1,3.67,US,1570975966
547,ko samui,9.54,99.94,87.8,70,20,5.82,TH,1570921691
548,lakatoro,-16.11,167.42,81.32,83,15,4.82,VU,1570904665
549,north vanlaiphai,23.13,93.07,86.67,42,3,4.44,IN,1570923799
550,zambezi,-13.55,23.12,77.52,53,91,6.5,ZM,1570939371
551,coari,-4.09,-63.14,72.37,96,79,1.91,BR,1570960386
552,hasaki,35.73,140.83,77.0,57,20,10.29,JP,1570912835
553,show low,34.25,-110.03,50.0,45,75,10.29,US,1570973009
554,vilhena,-12.74,-60.15,68.02,95,19,2.07,BR,1570959375
555,west wendover,40.74,-114.07,33.8,69,1,1.36,US,1570974297
